{
  "project_info": {
    "project_number": "523586484806",
    "firebase_url": "https://fir-b68d7.firebaseio.com",
    "project_id": "fir-b68d7",
    "storage_bucket": "fir-b68d7.appspot.com"
  },
  "client": [
    {
      "client_info": {
        "mobilesdk_app_id": "1:523586484806:android:80d5574f8f93020157a847",
        "android_client_info": {
          "package_name": "ge.msda.firebaseauth"
        }
      },
      "oauth_client": [
        {
          "client_id": "523586484806-u9etm0fu0ork5qo819752s38ls6keclc.apps.googleusercontent.com",
          "client_type": 1,
          "android_info": {
            "package_name": "ge.msda.firebaseauth",
            "certificate_hash": "d99a3339538bd1e03010da521188cc5c2e5f38cb"
          }
        },
        {
          "client_id": "523586484806-1m4d35s0er5larkv58f2pttlsdivv399.apps.googleusercontent.com",
          "client_type": 3
        }
      ],
      "api_key": [
        {
          "current_key": "AIzaSyCHQiyZzeTvr9A3j7_-6id8wiYH5N4ZXog"
        }
      ],
      "services": {
        "appinvite_service": {
          "other_platform_oauth_client": [
            {
              "client_id": "523586484806-1m4d35s0er5larkv58f2pttlsdivv399.apps.googleusercontent.com",
              "client_type": 3
            }
          ]
        }
      }
    }
  ],
  "configuration_version": "1"
}