{
  "project_info": {
    "project_number": "92182764705",
    "firebase_url": "https://fir-auth-7f190.firebaseio.com",
    "project_id": "fir-auth-7f190",
    "storage_bucket": "fir-auth-7f190.appspot.com"
  },
  "client": [
    {
      "client_info": {
        "mobilesdk_app_id": "1:92182764705:android:7fb33c5935e1f31f7d24e0",
        "android_client_info": {
          "package_name": "ge.msda.firebaseauth"
        }
      },
      "oauth_client": [
        {
          "client_id": "92182764705-a8e7s8jetf0bj9sjmgrh9mqub1vj3g7g.apps.googleusercontent.com",
          "client_type": 1,
          "android_info": {
            "package_name": "ge.msda.firebaseauth",
            "certificate_hash": "78eef00dd7b4c865c6b230ba9f497b90538ac8d3"
          }
        },
        {
          "client_id": "92182764705-shkqnlfsml8p1kk4sb8qgdfnmim7c4q9.apps.googleusercontent.com",
          "client_type": 3
        }
      ],
      "api_key": [
        {
          "current_key": "AIzaSyAPGVsalQEOz-zeZqLV7Srczfi-v7SyykE"
        }
      ],
      "services": {
        "appinvite_service": {
          "other_platform_oauth_client": [
            {
              "client_id": "92182764705-shkqnlfsml8p1kk4sb8qgdfnmim7c4q9.apps.googleusercontent.com",
              "client_type": 3
            }
          ]
        }
      }
    }
  ],
  "configuration_version": "1"
}